{"cameraMode":{"drawMode":0,"name":"Shaded","section":"Shading Mode"},"sceneLighting":true,"audioPlay":false,"sceneViewState":{"showFog":true,"showMaterialUpdate":false,"showSkybox":true,"showFlares":true,"showImageEffects":true,"showParticleSystems":true,"showVisualEffectGraphs":true,"m_FxEnabled":false},"in2DMode":false,"pivot":{"x":613.9771118164063,"y":228.56341552734376,"z":0.05491894483566284},"rotation":{"x":-0.16565260291099549,"y":0.0671006366610527,"z":-0.011297694407403469,"w":-0.9838367700576782},"size":0.8660253882408142,"orthographic":false}